{
	"system" : {
		"platform" : "windows64",
		"os_name" : "Windows 10",
		"os_version" : "10.0"
	},
	"error" : {
		"executable" : "quartus",
		"comment" : "not_applicable",
		"error_message" : "Access Violation at 0X0000020B74F77A10",
		"source_file" : "unknown",
		"line" : "0",
		"stack_trace" : "\t0x20b74f77a0f:\n\t 0x5dbe0c4c: QtCore4 + 0x110c4c (?cast@QMetaObject@@QEBAPEBVQObject@@PEBV2@@Z + 0x1c)\n\t0x7ff86c305021: sys_ictq + 0x5021 (?on_rules_file_downloaded@ICTQ_RULES_FILE@@IEAAX_N@Z + 0x91)\n\t0x7ff86c3049bb: sys_ictq + 0x49bb (?qt_static_metacall@ICTQ_RULES_FILE@@CAXPEAVQObject@@W4Call@QMetaObject@@HPEAPEAX@Z + 0x5b)\n\t 0x5dbec420: QtCore4 + 0x11c420 (?activate@QMetaObject@@SAXPEAVQObject@@PEBU1@HPEAPEAX@Z + 0x520)\n\t0x7ff86c302a9f: sys_ictq + 0x2a9f (?all_done@ICTQ_DOWNLOAD_FILE@@IEAAX_N@Z + 0x23f)\n\t 0x5dbec420: QtCore4 + 0x11c420 (?activate@QMetaObject@@SAXPEAVQObject@@PEBU1@HPEAPEAX@Z + 0x520)\n\t 0x5d0308bf: QtNetwork4 + 0x108bf (?fullServerName@QLocalServer@@QEBA?AVQString@@XZ + 0x29f)\n\t 0x5dbef9f7: QtCore4 + 0x11f9f7 (?event@QObject@@UEAA_NPEAVQEvent@@@Z + 0xe7)\n\t 0x5d152e95: QtGui4 + 0x22e95 (?notify_helper@QApplicationPrivate@@QEAA_NPEAVQObject@@PEAVQEvent@@@Z + 0xf5)\n\t 0x5d152b2f: QtGui4 + 0x22b2f (?notify@QApplication@@UEAA_NPEAVQObject@@PEAVQEvent@@@Z + 0x17bf)\n\t 0x5dbdd92b: QtCore4 + 0x10d92b (?notifyInternal@QCoreApplication@@AEAA_NPEAVQObject@@PEAVQEvent@@@Z + 0x7b)\n\t 0x5dbdf502: QtCore4 + 0x10f502 (?sendPostedEvents@QCoreApplicationPrivate@@SAXPEAVQObject@@HPEAVQThreadData@@@Z + 0x2b2)\n\t 0x5dc02fb8: QtCore4 + 0x132fb8 (?processEvents@QEventDispatcherWin32@@UEAA_NV?$QFlags@W4ProcessEventsFlag@QEventLoop@@@@@Z + 0xb98)\n\t0x7ff88196b642: USER32 + 0xb642 (CallWindowProcW + 0x852)\n\t0x7ff8819691cc: USER32 + 0x91cc (IsWindowUnicode + 0x20c)\n\t 0x5dc02802: QtCore4 + 0x132802 (?processEvents@QEventDispatcherWin32@@UEAA_NV?$QFlags@W4ProcessEventsFlag@QEventLoop@@@@@Z + 0x3e2)\n\t 0x5d1b0eb4: QtGui4 + 0x80eb4 (?openPopup@QApplicationPrivate@@QEAAXPEAVQWidget@@@Z + 0x204)\n\t 0x5dbda88b: QtCore4 + 0x10a88b (?exec@QEventLoop@@QEAAHV?$QFlags@W4ProcessEventsFlag@QEventLoop@@@@@Z + 0x22b)\n\t 0x5dbdce6f: QtCore4 + 0x10ce6f (?exec@QCoreApplication@@SAHXZ + 0xdf)\n\t0x7ff767e6197b: quartus + 0x197b (?qgq_main@@YAHHPEAPEBD@Z + 0x7b)\n\t0x7ff8631c2d68: CCL_MSG + 0x12d68 (?msg_main_thread@@YAPEAXPEAX@Z + 0x18)\n\t0x7ff8631c454e: CCL_MSG + 0x1454e (?msg_thread_wrapper@@YAPEAXP6APEAXPEAX@Z0@Z + 0x6e)\n\t0x7ff8632c5b00: ccl_mem + 0x15b00 (?mem_thread_wrapper@@YAPEAXP6APEAXPEAX@Z0@Z + 0x70)\n\t0x7ff8631c2631: CCL_MSG + 0x12631 (?msg_exe_main@@YAHHPEAPEBDP6AHH0@Z@Z + 0xa1)\n\t0x7ff767e624e7: quartus + 0x24e7 (WinMain + 0x127)\n\t0x7ff767e61e58: quartus + 0x1e58 (__tmainCRTStartup + 0x148)\n\t0x7ff880a0e8d6: KERNEL32 + 0x2e8d6 (BaseThreadInitThunk + 0x16)\n\t0x7ff881c7bf6b: ntdll + 0xbbf6b (RtlUserThreadStart + 0x2b)\n",
		"subsystem" : "unknown"
	},
	"quartus" : {
		"quartus_bits" : "64",
		"version" : "17.0.0",
		"build" : "595",
		"edition" : "Lite Edition"
	}
}